name_ar,name_fr,name_en,wilaya_code,phone,fax,email,communes,source
أدرار,,أدرار,01,049 96 91 32,049 96 85 85,dairaadrar@hotmail.com,"0101,0121,0122",legacy
أولف,,أولف,01,049 32 73 50,049 32 75 49,dairaaoulef0112@gmail.com,"0112,0113,0119",legacy
تسابيت,,تسابيت,01,049 34 80 80,049 34 80 80,dairatsabit@gmail.com,0108,legacy
رقان,,رقان,01,049 97 00 50,049 97 02 80,daira.reggane@gmail.com,"0104,0118",legacy
زاوية كنتة,,زاوية كنتة,01,049 32 41 06,049 97 42 08,z.kounta0111@gmail.com,0111,legacy
فنوغيل,,فنوغيل,01,049 94 12 80,049 94 16 19,daira_fenoughil@yahoo.com,"0102,0114,0115",legacy
أبو الحسن,,أبو الحسن,02,027 75 52 17 / 09,027 75 53 93,,"0205,0214,0222",legacy
أولاد بن عبد القادر,,أولاد بن عبد القادر,02,027 40 47 03 / 06,027 40 47 01,d_ouledbenaek@wilaya-chlef.dz,"0227,0230",legacy
أولاد فارس,,أولاد فارس,02,027 72 74 16 / 15,027 72 74 18,,"0210,0224,0228",legacy
الزبوجة,,الزبوجة,02,027 75 20 83 / 90,027 75 21 60,,"0203,0220,0231",legacy
الشلف,,الشلف,02,027 77 55 49 /027 79 08 56,02777 09 62,d_chlef@wilaya-chlef.dz,"0201,0219,0233",legacy
الكريمية,,الكريمية,02,027 70 94 24,027 70 96 45,,"0204,0209,0235",legacy
المرسى,,المرسى,02,027 75 64 51,027 75 61 36,dairaelmarsa2015@gmail.com,"0223,0226",legacy
بني حواء,,بني حواء,02,027 75 31 82 / 90,027 75 35 63,,"0207,0216,0234",legacy
بوقادير,,بوقادير,02,027 74 97 24 / 18,027 74 10 90/07 57,d_boukadir@wilaya-chlef.dz,"0212,0221",legacy
تاوقريت,,تاوقريت,02,027 42 05 82/06 53/03 45,027 42 01 92/05 82,,"0206,0217",legacy
تنس,,تنس,02,027 76 70 43 /77 01,027 76 92 09/70 72,,"0202,0211,0225",legacy
عين مران,,عين مران,02,027 42 93 43,027 42 94 12,,"0215,0232",legacy
وادي الفضة,,وادي الفضة,02,027 44 70 16 / 17,027 44 75 05,,"0213,0218,0229",legacy
أفلو,,أفلو,03,029 96 99 99,029 96 55 77,daira.aflou@gmail.com,"0316,0319,0324",legacy
الأغواط,,الأغواط,03,029 13 12 46,029 13 12 25,,0301,legacy
الغيشة,,الغيشة,03,029 16 52 15,029 16 52 16,daira.elghicha@yahoo.com,0314,legacy
بريدة,,بريدة,03,029 16 01 33,029 16 01 11,dairabrida@gmail.com,"0313,0315,0317",legacy
حاسي الرمل,,حاسي الرمل,03,029 18 82 06,029 18 82 13,,"0305,0306",legacy
سيدي مخلوف,,سيدي مخلوف,03,029 14 11 36,029 14 11 36 /029 14 11 37,dsmlag0304@gmail.com,"0304,0320",legacy
عين ماضي,,عين ماضي,03,029 13 05 85,029 13 05 85,,"0307,0308,0309,0318,0323",legacy
قتلة سيدي سعيد,,قتلة سيدي سعيد,03,029 17 32 12,029 17 32 14/16,gssdaira@gmail.com,"0310,0311,0312",legacy
قصر الحيران,,قصر الحيران,03,029 93 91 21,029 93 91 22,dairakeh@gmail.com,"0302,0303",legacy
وادي مرة,,وادي مرة,03,029 16 38 40,029 16 38 39,daira.o.morra@gmail.com,"0321,0322",legacy
أم البواقي,,أم البواقي,04,032 54 14 72,032 54 14 73,,"0401,0427",legacy
الضلعة,,الضلعة,04,032 66 71 65,032 66 71 63,,"0411,0414",legacy
سوق نعمان,,سوق نعمان,04,032 44 41 60,032 44 41 62,,"0417,0420,0421",legacy
سيقوس,,سيقوس,04,032 56 83 54,032 56 81 49,,"0405,0406",legacy
عين البيضاء,,عين البيضاء,04,032 69 12 91,032 69 12 92,,"0402,0409,0418",legacy
عين ببوش,,عين ببوش,04,032 67 30 49/33 49,032 67 33 08,,"0408,0415",legacy
عين فكرون,,عين فكرون,04,032 40 14 25,032 4014 18,,"0419,0425",legacy
عين كرشة,,عين كرشة,04,032 44 12 19/13 27,032 44 13 39,,"0412,0413,0429",legacy
عين مليلة,,عين مليلة,04,032 50 60 05,032 50 63 63,,"0403,0410,0428",legacy
فكيرينة,,فكيرينة,04,032 47 91 90,032 47 91 64,,"0416,0423",legacy
قصر الصباحي,,قصر الصباحي,04,032 55 52 63,032 55 52 64,,0422,legacy
مسكيانة,,مسكيانة,04,032 47 12 89/14 22,032 47 17 34,,"0404,0407,0424,0426",legacy
أريس,,أريس,05,033.34.31.62,033.34.31.61,,"0516,0526",legacy
أولاد سي سليمان,,أولاد سي سليمان,05,033.37.31.53,033.37.31.78,Dairaouledsislimane@gmail.com,"0527,0538,0553",legacy
إشمول,,إشمول,05,033.34.91.65,033.80.41.12,,"0511,0530,0531",legacy
الجزار,,الجزار,05,033.89.54.23,033.89.54.24,dairadjezzar6@gmail.com,"0515,0543,0556",legacy
الشمرة,,الشمرة,05,033.32.60.52,033.32.62.85,,0560,legacy
المعذر,,المعذر,05,033.26.80.90,033.26.80.87,daira.elmadher@yahoo.fr,"0507,0513,0522,0559",legacy
باتنة,,باتنة,05,033.80.58.42,033.80.41.12,,"0501,0523,0537",legacy
بريكة,,بريكة,05,033.38.60.01,033.38.65.96,,"0514,0542,0555",legacy
بوزينة,,بوزينة,05,033.20.80.60,033.20.80.60,dairabouzina0535@gmail.com,"0535,0561",legacy
تازولت,,تازولت,05,033.32.78.68,033.32.78.68,,"0508,0512",legacy
تكوت,,تكوت,05,033.34.01.50,033.34.01.50,Daira.tkout@gmail.com,"0502,0517,0544",legacy
تيمقاد,,تيمقاد,05,033.21.10.19,033.21.10.19,Timgaddaira5049@yahoo.fr,"0549,0550",legacy
ثنية العابد,,ثنية العابد,05,033.34.10.21,033.34.14.50,Dairatea2@gmail.com,"0547,0548,0552",legacy
رأس العيون,,رأس العيون,05,033.37.04.13,033.37.04.14,CD.RASELAIOUN@GMAIL.COM,"0510,0520,0525,0534,0539,0551",legacy
سريانة,,سريانة,05,033.26.50.70,033.26.50.70,www.dairaseriana@gmail.com,"0505,0554,0558",legacy
سقانة,,سقانة,05,033.37.22.41,033.37.22.40,Daira seggana085@gmail.com,"0518,0529",legacy
عين التوتة,,عين التوتة,05,033.35.51.66,033.35.56.93,,"0503,0532,0540,0545",legacy
عين جاسر,,عين جاسر,05,033.24.53.33,033.24.53.35,,"0519,0557",legacy
مروانة,,مروانة,05,033.33.12.69,033.33.12.64,Daira_0504@yahoo.com,"0504,0528,0533,0546",legacy
منعة,,منعة,05,033.34.63.59,033.34.64.01,,"0506,0521",legacy
نقاوس,,نقاوس,05,033.37.71.19,033.37.73.24,,"0509,0524,0541",legacy
أدكار,,أدكار,06,034 86 39 44,034 86 38 13,,"0604,0624,0635",legacy
أقبو,,أقبو,06,034 35 90 05 /034 35 90 06,034 35 91 21,,"0605,0606,0615,0625",legacy
أميزور,,أميزور,06,034 24 04 72 /034 24 04 76,034 24 06 73,,"0602,0603,0612,0623",legacy
أوقاس,,أوقاس,06,034 84 23 53 /034 84 23 55,034 84 23 46,,"0622,0649",legacy
إغيل علي,,إغيل علي,06,034 36 83 61 /034 36 83 86,034 36 84 81,,"0617,0628",legacy
إفري أوزلاقن,,إفري أوزلاقن,06,034 33 25 82 /034 33 25 84,034 33 25 81,,0636,legacy
القصر,,القصر,06,034 25 24 84 /034 25 24 67,034 25 27 27,,"0618,0619,0640",legacy
بجاية,,بجاية,06,034 21 27 98,034 21 19 80,,"0601,0651",legacy
برباشة,,برباشة,06,034 25 61 77,034 25 61 04,,"0613,0634",legacy
بني معوش,,بني معوش,06,034 32 03 04 /034 32 34 27,034 32 03 05,,0650,legacy
تازملت,,تازملت,06,034 31 31 47 /034 31 31 48,034 31 30 10,,"0627,0638,0652",legacy
تيشي,,تيشي,06,034 81 52 84,034 81 52 82,,"0611,0633,0648",legacy
تيمزريت,,تيمزريت,06,034 26 32 97,034 26 33 05,,0607,legacy
خراطة,,خراطة,06,034 18 50 97 /034 18 51 07,034 18 50 98,,"0644,0645",legacy
درقينة,,درقينة,06,034 39 80 41,034 39 80 75,,"0620,0631,0647",legacy
سوق الإثنين,,سوق الإثنين,06,034 23 74 94 /034 23 74 97,034 23 74 96,,"0608,0641,0646",legacy
سيدي عيش,,سيدي عيش,06,034 29 34 30,034 29 34 86,,"0610,0614,0621,0621,0643",legacy
شميني,,شميني,06,034 26 93 35 /034 26 93 38,034 26 93 36,,"0629,0630,0632,0642",legacy
صدوق,,صدوق,06,034 89 33 97 /034 32 35 85,034 89 34 04,,"0609,0616,0626,0637",legacy
أورلال,,أورلال,07,033 57 05 34,033 57 02 43,dairaourlal2015@gmail.com,"0702,0724,0725,0730",legacy
القنطرة,,القنطرة,07,033.63.21.07,033.63.14.04,daira.elkantara@gmail.com,"0717,0718",legacy
الوطاية,,الوطاية,07,033.62.91.50,033.62.91.11,eloutaya 0719@outlook.com,0719,legacy
بسكرة,,بسكرة,07,033.65.62.22,033.65.62.24,daira.biskra@gmail.com,"0701,0732",legacy
جمورة,,جمورة,07,033 62 51 05,033 62 50 89,dairaj0712@gmail.com,0720,legacy
زريبة الوادي,,زريبة الوادي,07,033 63 31 00/033 63 30 94,033 63 30 95 / 033 63 30 97,daira.zeo@gmail.com,"0715,0716,0728,0733",legacy
سيدي عقبة,,سيدي عقبة,07,033 64 51 08,033 64 52 44,"DAIRA,SIDIOKBA@gmail,com","0704,0711,0713,0714",legacy
طولقة,,طولقة,07,033.78.61.64,033.78.64.97,dairatolga@gmail.com,"0721,0723,0727,0729",legacy
فوغالة,,فوغالة,07,033 58 43 97 / 033 58 43 12,033 58 43 13 / 033 58 43 07,dairafoughala@gmail.com,"0726,0731",legacy
مشونش,,مشونش,07,033 62 11 75,033 62 12 20,daira.mchouneche. biskra@gmail. Com,0712,legacy
أولاد خضير,,أولاد خضير,08,049-82-72-22,049-82-71-12,,,legacy
إقلي,,إقلي,08,049 28 11 55,049 28 15 80,iglidaira@gmail.com,,legacy
العبادلة,,العبادلة,08,049-25-63-05,049-25-66-55,,"0802,0809,0817",legacy
الواتة,,الواتة,08,049-28-01-36,049-28-01-25,,,legacy
بشار,,بشار,08,049-21-03-00,049-21-03-54,,0801,legacy
تاغيت,,تاغيت,08,049-25-32-76,049-25-31-37,,0813,legacy
تبلبالة,,تبلبالة,08,049-27-09-16,049-27-08-55,dairatabelbala0812@hotmailfr,,legacy
كرزاز,,كرزاز,08,049 29 88 25,049 29 82 38,dairakerzaz@gmail.com,,legacy
لحمر,,لحمر,08,049-26-51-09,049-26-51-02,,"0815,0816",legacy
أولاد يعيش,,أولاد يعيش,09,025 43 83 83/025 43 24 81,025 43 83 46,dairaoy@gmail.com,"0905,0906,0921",legacy
الأربعاء,,الأربعاء,09,025 46 02 67/025 46 05 68,025 46 05 68/025 46 08 78/025 46 60 83,dairadelarbaa@gmail.com,0917,legacy
البليدة,,البليدة,09,025 41 01 57,025 41 03 18,,"0901,0920",legacy
العفرون,,العفرون,09,025 26 65 10/025 26 65 12,025 26 65 13,dairaelaffroun@gmail.com,"0907,0918",legacy
بوعينان,,بوعينان,09,025 25 73 91/025 25 73 95,025 25 73 90,dairabouinan@gmail.com,"0902,0903",legacy
بوفاريك,,بوفاريك,09,025 47 32 00/025 47 32 02,025 47 39 60,,"0911,0916,0923",legacy
بوقرة,,بوقرة,09,025 25 24 52/ 025 25 11 11,025 25 22 19,,"0909,0915,0922",legacy
مفتاح,,مفتاح,09,025 45 55 11/025 45 62 82,025 45 56 66,,"0914,0925",legacy
موزاية,,موزاية,09,025 37 73 31/025 37 79 25,025 37 79 23,,"0908,0912,0924",legacy
وادي العلايق,,وادي العلايق,09,025 42 12 87/025 42 14 97,025 42 12 92,,"0904,0910,0919",legacy
أولاد يعيش,,أولاد يعيش,10,025 43 83 83/025 43 24 81,025 43 83 46,dairaoy@gmail.com,,legacy
الأربعاء,,الأربعاء,10,025 46 02 67/025 46 05 68,025 46 05 68/025 46 08 78/025 46 60 83,dairadelarbaa@gmail.com,,legacy
البليدة,,البليدة,10,025 41 01 57,025 41 03 18,,,legacy
العفرون,,العفرون,10,025 26 65 10/025 26 65 12,025 26 65 13,dairaelaffroun@gmail.com,,legacy
بوعينان,,بوعينان,10,025 25 73 91/025 25 73 95,025 25 73 90,dairabouinan@gmail.com,,legacy
بوفاريك,,بوفاريك,10,025 47 32 00/025 47 32 02,025 47 39 60,,,legacy
بوقرة,,بوقرة,10,025 25 24 52/ 025 25 11 11,025 25 22 19,,,legacy
مفتاح,,مفتاح,10,025 45 55 11/025 45 62 82,025 45 56 66,,,legacy
موزاية,,موزاية,10,025 37 73 31/025 37 79 25,025 37 79 23,,,legacy
وادي العلايق,,وادي العلايق,10,025 42 12 87/025 42 14 97,025 42 12 92,,,legacy
إينغر,,إينغر,11,029 36 94 05,029 36 94 13,,,legacy
تاظروك,,تاظروك,11,029 39 51 28,029 39 51 28,dairatazrouk@gmail.com,"1105,1106",legacy
تمنراست,,تمنراست,11,029 32 03 55,029 32 09 09,,1109,legacy
تين زواتين,,تين زواتين,11,029 35 71 07,029 35 71 00,,,legacy
سيلت,,سيلت,11,029 35 01 08/029 35 01 01,029 35 01 08/029 35 01 01,Daira.silet@gmail.com,,legacy
أم علي,,أم علي,12,037.64.02.63,037.64.01.87,d_oumali@wilaya-tebessa.dz,"1207,1221",legacy
الشريعة,,الشريعة,12,037.62.44.17,037.62.48.19,d_cheria@wilaya-tebessa.dz,"1203,1222",legacy
العقلة,,العقلة,12,037.62.03.99,037.62.02.09,d_elogla@wilaya-tebessa.dz,"1204,1213,1226,1227",legacy
العوينات,,العوينات,12,037.65.21.85,037.65.22.63,d_elaouinet@wilaya-tebessa.dz,"1205,1218",legacy
الكويف,,الكويف,12,037.52.30.46,037.52.30.32,d_elkouif@wilaya-tebessa.dz,"1211,1217,1225",legacy
الماء الابيض,,الماء الابيض,12,037.52.51.25,037.52.52.87,d_elmalabiod@wilaya-tebessa.dz,"1206,1220",legacy
الونزة,,الونزة,12,037.67.13.84,037.67.13.82,d_elouenza@wilaya-tebessa.dz,"1219,1223,1224",legacy
بئر العاتر,,بئر العاتر,12,037.44.62.22,037.44.80.50,d_birelater@wilaya-tebessa.dz,"1202,1215",legacy
بئر مقدم,,بئر مقدم,12,037.62.82.10,037.62.81.56,d_birmokaddem@wilaya-tebessa.dz,"1208,1210,1216",legacy
تبسة,,تبسة,12,037.59.11.87,037.59.11.80,d_tebessa@wilaya-tebessa.dz,1201,legacy
مرسط,,مرسط,12,037.65.71.98,037.65. 70.41,d_morsott@wilaya-tebessa.dz,"1212,1214",legacy
نقرين,,نقرين,12,037.64.21.51,037.64.23.77,d_negrine@wilaya-tebessa.dz,"1209,1228",legacy
أولاد ميمون,,أولاد ميمون,13,043 36 12 13/043 36 10 96,043 36 12 75,dairaomimoun@yahoo.com,"1313,1352",legacy
الحناية,,الحناية,13,043 40 01 30/043 40 93 03,043 40 99 71,Dairah1319@gmail.com,"1316,1326,1346",legacy
الرمشي,,الرمشي,13,043 43 54 50,043 43 54 53,daira_remchi@yahoo.fr,"1304,1305,1315,1322,1336",legacy
الغزوات,,الغزوات,13,043 46 75 47,043 46 75 49,dairaghazaouet@gmail.com,"1307,1319,1329,1345",legacy
باب العسة,,باب العسة,13,043 51 13 30/043 51 13 31,043 51 13 28,daira.bea.1318@gmail.com,"1308,1318,1333",legacy
بن سكران,,بن سكران,13,043 38 71 76,043 38 74 00,bensekrane1324@gmail.com,1324,legacy
بني بوسعيد,,بني بوسعيد,13,043 50 04 10,043 50 02 59,,"1337,1338",legacy
بني سنوس,,بني سنوس,13,043 34 17 50,043 34 01 60,dairabenisnous@gmail.com,"1317,1321,1342",legacy
تلمسان,,تلمسان,13,043 26 76 50,043 26 76 51,dairatlemcen@.hotmail.com,1301,legacy
سبدو,,سبدو,13,043 54 44 04,043 34 43 43,dairasebdou@gmail.com,"1310,1332,1335",legacy
سيدي الجيلالي,,سيدي الجيلالي,13,043 54 21 65/043 54 25 13,043 54 21 22,dairasd1310@gmail.com,"1341,1343",legacy
شتوان,,شتوان,13,043 40 68 48,043 40 63 52,daira_chetouane@hotmail.com,"1312,1314,1350",legacy
صبرة,,صبرة,13,043 53 46 04/043 53 48 02,043 53 45 00,dairasabra@gmail.com,"1306,1347",legacy
عين تالوت,,عين تالوت,13,043 58 49 80,043 58 49 81,daira.aintellout@gmail.com,"1303,1325",legacy
فلاوسن,,فلاوسن,13,043 46 66 57,043 46 66 43,dairafellaoucne1320@.gmail.com,"1320,1331,1353",legacy
مرسى بن مهيدي,,مرسى بن مهيدي,13,043 51 07 00,043 51 07 56,daira.marsa1315@gmail.com,"1330,1339",legacy
مغنية,,مغنية,13,043 49 10 63/043 49 10 65,043 49 11 59,daira.maghnia@gmail.com,"1327,1328",legacy
منصورة,,منصورة,13,043 21 25 58/043 21 50 02,043 21 44 90,dairamansourah1308@gmail.com,"1302,1323,1349,1351",legacy
ندرومة,,ندرومة,13,043 45 09 02/043 45 09 03,043 45 02 20,nedromadaira@gmail.com,"1309,1340",legacy
هنين,,هنين,13,043 23 81 34/043 23 81 48,043 83 81 34,dairahonaine1312@hotmail.com,,legacy
السوقر,,السوقر,14,046 43 02 87,046 43 02 90,Daira.sougueur@gmail.com,"1416,1417,1426,1441",legacy
تيارت,,تيارت,14,046 20 20 02/ 046 20 20 19,046 20 20 04,dairatiaret@yahoo.com,1401,legacy
حمادية,,حمادية,14,046 37 53 37,046 37 53 39,adjalammar2@gmail.com,"1430,1435,1440",legacy
دحموني,,دحموني,14,046 24 11 79,046 24 11 78/046 24 11 80,daira.dahmouni@gmail.com,"1403,1413",legacy
رحوية,,رحوية,14,046 35 91 23/ 046 35 91 24,046 35 91 25,daira rahouia14@yahoo.fr,"1414,1422",legacy
عين الذهب,,عين الذهب,14,046 29 12 95,046 29 12 96,daira.aindeheb@gmail.com,"1406,1420,1436",legacy
عين كرمس,,عين كرمس,14,046 29 03 91/ 046 29 03 96,046 29 03 96,Dairakermes2015@gmail.com,"1402,1410,1419,1428,1438",legacy
فرندة,,فرندة,14,046 40 70 40,046 40 92 92,chdairafrenda@gmail.com,"1418,1427,1437",legacy
قصر الشلالة,,قصر الشلالة,14,046 46 82  79,046 36 12 38,Ksarchellala1429@gmail.com,"1409,1429,1439",legacy
مدروسة,,مدروسة,14,046 32 51 46/046 32 52 60,046 32 52 59,daira.medroussa1402@gmail.com,"1402,1407",legacy
مشرع الصفا,,مشرع الصفا,14,046 31 72 95/046 31 72 94,046 31 72 91,mechrasfa14@gmail.com,"1424,1432,1434",legacy
مغيلة,,مغيلة,14,046 34 41 04,046 34 41 15,Daira.meghila@gmail.com,"1411,1421,1423",legacy
مهدية,,مهدية,14,046 46 35 38/046 46 36 44,046 46 30 37,dairamehdia@gmail.com,"1405,1415,1425,1431",legacy
وادي ليلي,,وادي ليلي,14,046 35 43 36,046 35 43 34,dairaouedlili@gmail.com,"1404,1433,1442",legacy
أزفون,,أزفون,15,026 45 02 39/026 45 02 40/026 45 02 41,026 45 02 37,,"1513,1537,1544,1553",legacy
إفرحونان,,إفرحونان,15,026 49 54 84,026 49 51 63,dairaiferhounene@yahoo.com,1563,legacy
الأربعاء ناث إيراثن,,الأربعاء ناث إيراثن,15,026 26 14 25,026 26 34 00,Daïra_lni@yahoo.fr,"1521,1535",legacy
بني دوالة,,بني دوالة,15,026 40 37 18/026 40 37 21,026 40 37 20,benidouala_2013@hotmail.fr,"1515,1528,1532",legacy
بني يني,,بني يني,15,026 3372 25/026 33 71 79,026 33 71 48,,"1552,1560",legacy
بوزقن,,بوزقن,15,026 14 06 17/026 14 06 22,026 14 06 19,daira.bouzeguene@gmail.com,"1519,1546",legacy
بوغني,,بوغني,15,026 28 47 16/026 28 47 17,026 28 49 56,csdb1540@gmail.com,"1506,1512,1540,1531",legacy
تيزي راشد,,تيزي راشد,15,026 31 94 31,026 31 96 70,Tizirached1522@yahoo.fr,"1522,1542",legacy
تيزي غنيف,,تيزي غنيف,15,026 13 91 11,026 13 91 23,dairatizigheniff@yahoo.fr,"1511,1526",legacy
تيزي وزو,,تيزي وزو,15,026 19 04 01,026 19 04 02,dairatiziouzou@yahoo.com,1501,legacy
تيقزيرت,,تيقزيرت,15,026 15 82 91,026 15 82 90,daira.tigzirt@gmail.com,,legacy
ذراع الميزان,,ذراع الميزان,15,026 13 31 31/026 13 33 01,023 13 33 04,daira_dem@yahoo.fr,"1510,1514,1525",legacy
ذراع بن خدة,,ذراع بن خدة,15,026 27 28 76/026 27 28 57,026 27 27 76,daira.dbk@gmail.com,"1543,1547,1559,1564",legacy
عزازقة,,عزازقة,15,026 14 10 10,026 14 12 53,,"1504,1518,1523,1541",legacy
عين الحمام,,عين الحمام,15,026 48 85 07,026 48 85 08,dairaaeh15200@gmail.com,"1502,1503,1527,1531",legacy
ماكودة,,ماكودة,15,026 44 43 03,026 44 43 02,dairamakouda@yahoo.fr,"1509,1555",legacy
معاتقة,,معاتقة,15,026 13 83 80,026 13 83 97,,1557,legacy
مقلع,,مقلع,15,026 37 23 91,026 37 23 92,,1558,legacy
واسيف,,واسيف,15,026 33 12 54,026 3312 47,ouacif@yahoo.com,"1530,1548,1567",legacy
واضية,,واضية,15,026 32 34 10/026 32 33 24,026 32 36 80,,"1536,1551,1561",legacy
واقنون,,واقنون,15,026 44 01 88,026 22 03 10,dairaouag@gmail.com,"1508,1524",legacy
الحراش,,الحراش,16,021524337/021524253,021 52 62 36,elharrach.alger@wilaya-alger.dz,"1613,1615,1616,1619",legacy
الدار البيضاء,,الدار البيضاء,16,021213178/021213081,021 24 30 00,darelbeida.alger@wilaya-alger.dz,"1620,1621,1629,1630,1641,1642,1643",legacy
الدرارية,,الدرارية,16,021353200/021353201,021 35 41 95,draria.alger@wilaya-alger.dz,"1647,1648,1649,1654,1656",legacy
الرويبة,,الرويبة,16,023854646/023854511,023 85 44 47,rouiba.alger@wilaya-alger.dz,"1638,1639,1640",legacy
الشراقة,,الشراقة,16,021361892/021361893,021 37 59 59,cherega.alger@wilaya-alger.dz,"1623,1624,1651,1652,1657",legacy
بئر توتة,,بئر توتة,16,023401417/023401419,023 40 14 16,birtouta.alger@wilaya-alger.dz,"1634,1635,1636",legacy
بئر مراد رايس,,بئر مراد رايس,16,021542425/021542426,021 54 16 46,birmouradrais.alger@wilaya-alger.dz,"1609,1612,1626,1628,1645",legacy
باب الوادي,,باب الوادي,16,021970813/021970825,021 96 56 49,babeloued.alger@wilaya-alger.dz,"1605,1606,1607,1608,1625",legacy
براقي,,براقي,16,023911427/023911432,023 91 14 29,baraki.alger@wilaya-alger.dz,"1614,1633,1637",legacy
بوزريعة,,بوزريعة,16,023181347/023181466,023 18 14 16,bouzareah.alger@wilaya-alger.dz,"1610,1611,1622,1632",legacy
حسين داي,,حسين داي,16,021231389/021496689,021 47 73 04,husseindey.alger@wilaya-alger.dz,"1604,1617,1607,1631",legacy
زرالدة,,زرالدة,16,023323755/023323747,023 32 31 85,zeralda.alger@wilaya-alger.dz,"1644,1646,1650,1653,1655",legacy
سيدي امحمد,,سيدي امحمد,16,021651095/021660525,021 66 05 56,sidimhamed.alger@wilaya-alger.dz,"1602,1603,1627",legacy
أبو الحسن,,أبو الحسن,17,027 75 52 17 / 09,027 75 53 93,,,legacy
أولاد بن عبد القادر,,أولاد بن عبد القادر,17,027 40 47 03 / 06,027 40 47 01,d_ouledbenaek@wilaya-chlef.dz,,legacy
أولاد فارس,,أولاد فارس,17,027 72 74 16 / 15,027 72 74 18,,,legacy
الزبوجة,,الزبوجة,17,027 75 20 83 / 90,027 75 21 60,,,legacy
الشلف,,الشلف,17,027 77 55 49 /027 79 08 56,02777 09 62,d_chlef@wilaya-chlef.dz,,legacy
الكريمية,,الكريمية,17,027 70 94 24,027 70 96 45,,,legacy
المرسى,,المرسى,17,027 75 64 51,027 75 61 36,dairaelmarsa2015@gmail.com,,legacy
بني حواء,,بني حواء,17,027 75 31 82 / 90,027 75 35 63,,,legacy
بوقادير,,بوقادير,17,027 74 97 24 / 18,027 74 10 90/07 57,d_boukadir@wilaya-chlef.dz,,legacy
تاوقريت,,تاوقريت,17,027 42 05 82/06 53/03 45,027 42 01 92/05 82,,,legacy
تنس,,تنس,17,027 76 70 43 /77 01,027 76 92 09/70 72,,,legacy
عين مران,,عين مران,17,027 42 93 43,027 42 94 12,,,legacy
وادي الفضة,,وادي الفضة,17,027 44 70 16 / 17,027 44 75 05,,,legacy
السطارة,,السطارة,18,034 53 34 00,034 53 32 04,dairasettara@gmail.com,"1811,1815",legacy
الشقفة,,الشقفة,18,034 56 36 30 / 034 56 36 31,034 56 36 33 / 034 56 33 55,,"1807,1813,1820,1826",legacy
الطاهير,,الطاهير,18,034 55 33 07 / 034 55 30 79,034 55 33 09,,"1805,1806,1808,1819,1828",legacy
العنصر,,العنصر,18,034 53 25 20 / 034 53 25 24,034 53 24 39,dairaelancer@gmail.com,"1812,1816,1823,1825",legacy
العوانة,,العوانة,18,034 59 05 20 / 034 59 04 97,034 59 03 03,,"1803,1818",legacy
الميلية,,الميلية,18,034 52 10 88 / 034 52 11 11,034 52 10 89,dairaelmilia18@gmail.com,"1809,1821",legacy
تاكسنة,,تاكسنة,18,034 55 11 42 / 034 55 11 43,034 55 11 45,,"1814,1824",legacy
جيجل,,جيجل,18,034 47 22 30 / 034 49 65 14,034 47 19 94,daira_jijel_algerie@yahoo.com,1801,legacy
جيملة,,جيملة,18,034 56 01 80,034 56 04 17,dairadjimla@gmail.com,1822,legacy
زيامة منصورية,,زيامة منصورية,18,034 58 23 64 / 034 58 23 65,034 58 23 70 / 034 58 23 66,,1804,legacy
سيدي معروف,,سيدي معروف,18,034 53 01 01,034 53 02 44,,"1810,1827",legacy
العلمة,,العلمة,19,036 47 53 44/036 47 53 78,036 47 53 48,Daira.eleulma@gmail.com/Contact.daira.eleulma@gmail.com,1920,legacy
بئر العرش,,بئر العرش,19,036 87 05 00/036 87 05 22,036 87 09 45/036 87 05 47,dairabirelarch@gmail.com,"1908,1925,1945,1959",legacy
بابور,,بابور,19,036 94 33 04,036 94 33 03,dairababor@gmail.com,"1916,1935",legacy
بني عزيز,,بني عزيز,19,036 89 22 49/036 89 22 50,036 89 29 51/036 89 22 72,Beniaziz.2015@gmail.com,"1903,1912,1949",legacy
بني ورتيلان,,بني ورتيلان,19,036 49 33 00/036 49 30 23,036 49 30 24,Dairabeniourtilane@yahoo.fr,"1909,1913,1922,1946",legacy
بوعنداس,,بوعنداس,19,036 49 00 09/036 49 00 10,036 49 00 16,bouandasdaira@yahoo.fr,"1919,1930,1951,1954",legacy
بوقاعة,,بوقاعة,19,036 80 21 02/036 80 21 03,036 80 36 90,dairabougaa@gmail.com,"1906,1943,1953",legacy
جميلة,,جميلة,19,036 46 52 52/036 46 52 04,036 46 52 00,daira.djemila@gmail.com,"1921,1944",legacy
حمام السخنة,,حمام السخنة,19,036 95 83 01/036 95 83 02,036 95 84 35,Daira.hsokhna@gmail.com,"1932,1958",legacy
حمام قرقور,,حمام قرقور,19,036 49 91 01/036 49 91 08,036 49 91 03,Hammamguer1950@gmail.com,"1907,1950",legacy
سطيف,,سطيف,19,036 84 37 12/036 51 37 45,036 51 37 48,Daira.setif@gmail.com,1901,legacy
صالح باي,,صالح باي,19,036 58 63 91/036 58 63 92,036 58 63 56,dairasalahbey19@gmail.com,"1905,1910,1911,1923,1939",legacy
عموشة,,عموشة,19,036 71 01 54/036 71 01 55,036 71 01 56,Daira.amoucha@gmail.com,"1927,1938,1957",legacy
عين أرنات,,عين أرنات,19,036 54 11 78/036 54 16 87,036 54 11 67,Dairaainarnat1926@gmail.com,"1914,1926,1933",legacy
عين أزال,,عين أزال,19,036 55 41 41/036 55 42 42,036 95 56 00,azeldaira@gmail.com,"1918,1929,1934,1940",legacy
عين الكبيرة,,عين الكبيرة,19,036 59 62 23/036 59 62 87,036 59 62 30,dairaaek@gmail.com,"1902,1915,1924",legacy
عين ولمان,,عين ولمان,19,036 56 43 00/036 56 43 03,036 56 43 02/036 56 43 03,Daira.ainoulmene19@gmail.com,"1904,1928,1952",legacy
قجال,,قجال,19,036 74 01 74/036 74 01 76,036 74 01 75,d.guidjel1917@gmail.com,"1917,1947",legacy
قنزات,,قنزات,19,036 80 94 40/036 80 95 42,036 80 91 08,Guenzet.daira@gmail.com,"1936,1941",legacy
ماوكلان,,ماوكلان,19,036 40 74 04/036 40 74 06,036 40 74 03,dairamaoklane@yahoo.fr,"1942,1955",legacy
أولاد ابراهيم,,أولاد ابراهيم,20,048 33 32 39,048 33 31 75,,"2014,2015,2016",legacy
الحساسنة,,الحساسنة,20,048 51 01 50,048 51 02 20,,"2010,2011,2013",legacy
سعيدة,,سعيدة,20,048 37 41 35,048 37 40 59,,2001,legacy
سيدي بوبكر,,سيدي بوبكر,20,048 50 41 57,048 50 41 49,,"2004,2008,2009",legacy
عين الحجر,,عين الحجر,20,048 50 30 06,048 50 27 58,,"2003,2005,2012",legacy
يوب,,يوب,20,048 30 13 14,048 30 13 02,,"2002,2006",legacy
أولاد ابراهيم,,أولاد ابراهيم,21,048 33 32 39,048 33 31 75,,,legacy
الحساسنة,,الحساسنة,21,048 51 01 50,048 51 02 20,,,legacy
سعيدة,,سعيدة,21,048 37 41 35,048 37 40 59,,,legacy
سيدي بوبكر,,سيدي بوبكر,21,048 50 41 57,048 50 41 49,,,legacy
عين الحجر,,عين الحجر,21,048 50 30 06,048 50 27 58,,,legacy
يوب,,يوب,21,048 30 13 14,048 30 13 02,,,legacy
بن باديس,,بن باديس,22,048 73 22 18,048 73 22 20,daira.benbadis@gmail.com,"2209,2220,2245",legacy
تسالة,,تسالة,22,048 68 91 07-048 68 91 44,048 68 91 78,dtessala@yahoo.com,"2202,2215",legacy
تلاغ,,تلاغ,22,048 78 13 00- 048 78 13 01,048 78 11 60,telagh2205@gmail.com,"2205,2206,2232,2244",legacy
تنيرة,,تنيرة,22,048 71 20 15,048 71 20 18,daira-tenira@outlook.fr,"2217,2243,2251,2252",legacy
راس الماء,,راس الماء,22,048 78 54 95,048 78 54 55,,"2223,2237,2250",legacy
سفيزف,,سفيزف,22,048 79 49 44,048 79 49 48,,"2226,2238",legacy
سيدي بلعباس,,سيدي بلعباس,22,048 54 62 47-048 57 69 56,048 54 30 41- 048 54 36 37,,2201,legacy
سيدي علي بن يوب,,سيدي علي بن يوب,22,048 73 11 29,048 73 11 28,daira_sidialibenyoub@yahoo.com,"2207,2221,2246",legacy
سيدي علي بوسيدي,,سيدي علي بوسيدي,22,048 53 31 15- 048 53 33 77,048 53 33 78,,"2208,2225,2234,2236",legacy
سيدي لحسن,,سيدي لحسن,22,048 70 74 77,048 70 75 27,daira.sidilahcen@gmail.com,"2214,2227,2240",legacy
عين البرد,,عين البرد,22,048 66 03 43- 048 66 03 88,048 66 01 17,dairaainelberd@yahoo.com,"2203,2215,2241",legacy
مرحوم,,مرحوم,22,048 67 31 32,048 67 31 29,,"2210,2235,2248",legacy
مرين,,مرين,22,048 67 12 67,048 67 14 57,dairademerine@gmail.com,"2211,2222,2231,2249",legacy
مصطفى بن ابراهيم,,مصطفى بن ابراهيم,22,048 71 61 51- 048 71 61 46,048 71 61 45,daira.mostefabenbrahim@yahoo.com,"2204,2213,2233,2242",legacy
مولاي سليسن,,مولاي سليسن,22,048 78 43 21,048 78 43 55,,"2218,2219,2224",legacy
البوني,,البوني,23,038 58 45 40 / 038 58 45 41,038 58 45 47,,2305,legacy
الحجار,,الحجار,23,038 89 11 99,038 89 21 45,,"2303,2311",legacy
برحال,,برحال,23,038 87 84 30,038 87 81 15,,"2302,2306,2312",legacy
شطايبي,,شطايبي,23,038 87 04 04,038 87 04 13,,2310,legacy
عنابة,,عنابة,23,038 86 58 45,038 86 83 59,,"2301,2308",legacy
عين الباردة,,عين الباردة,23,038 49 01 68 / 038 49 01 70,038 49 03 00,,"2304,2309",legacy
بوشقوف,,بوشقوف,24,037 22 62 69,037 22 70 85,,"2406,2414,2425,2430",legacy
حمام النبايل,,حمام النبايل,24,037 22 03 11,037 22 02 01,,"2409,2422,2433",legacy
حمام دباغ,,حمام دباغ,24,037 14 92 01,037 14 92 06,,"2412,2419,2428",legacy
خزارة,,خزارة,24,037 13 05 83,037 13 05 84,,"2407,2415,2417",legacy
عين حساينية,,عين حساينية,24,037 24 11 50,037 24 15 00,,"2408,2424,2429",legacy
عين مخلوف,,عين مخلوف,24,037 27 72 64,037 28 44 04,,"2405,2413,2423",legacy
قالمة,,قالمة,24,037 14 03 11,037 14 03 12,,"2401,2411",legacy
قلعة بوصبع,,قلعة بوصبع,24,037 19 33 78,037 19 35 74,,"2402,2410,2416,2418,2431,2434",legacy
هيليوبوليس,,هيليوبوليس,24,037 13 45 94,037 13 46 19,,"2403,2420,2426",legacy
وادي الزناتي,,وادي الزناتي,24,037 18 02 00,037 18 01 68,,"2404,2421,2432",legacy
ابن زياد,,ابن زياد,25,031815278,031815351,,"2511,2512",legacy
الخروب,,الخروب,25,031959430,031801520,,"2506,2509,2510",legacy
حامة بوزيان,,حامة بوزيان,25,031840756,031841238,,"2502,2505",legacy
زيغود يوسف,,زيغود يوسف,25,031919155,031919105,,"2504,2508",legacy
عين عبيد,,عين عبيد,25,031816112,031816499,,"2503,2507",legacy
قسنطينة,,قسنطينة,25,031927573,031925660,DairaConstantine@gmail.com,2501,legacy
بوشقوف,,بوشقوف,26,037 22 62 69,037 22 70 85,,,legacy
حمام النبايل,,حمام النبايل,26,037 22 03 11,037 22 02 01,,,legacy
حمام دباغ,,حمام دباغ,26,037 14 92 01,037 14 92 06,,,legacy
خزارة,,خزارة,26,037 13 05 83,037 13 05 84,,,legacy
عين حساينية,,عين حساينية,26,037 24 11 50,037 24 15 00,,,legacy
عين مخلوف,,عين مخلوف,26,037 27 72 64,037 28 44 04,,,legacy
قالمة,,قالمة,26,037 14 03 11,037 14 03 12,,,legacy
قلعة بوصبع,,قلعة بوصبع,26,037 19 33 78,037 19 35 74,,,legacy
هيليوبوليس,,هيليوبوليس,26,037 13 45 94,037 13 46 19,,,legacy
وادي الزناتي,,وادي الزناتي,26,037 18 02 00,037 18 01 68,,,legacy
بوقيراط,,بوقيراط,27,045 22 41 17/045 22 42 98,045 22 51 07,,"2719,2720,2724,2730",legacy
حاسي ماماش,,حاسي ماماش,27,045 38 95 47/045 38 95 05,045 38 95 05,,"2704,2706,2727",legacy
خير الدين,,خير الدين,27,045 42 81 16/045 42 81 17,045 42 81 65,,"2702,2711,2728",legacy
سيدي علي,,سيدي علي,27,045 45 22 22/045 45 23 23,045 45 13 13,,"2712,2726,2729",legacy
سيدي لخضر,,سيدي لخضر,27,045 24 75 75/045 24 71 05,045 24 74 24,,"2713,2714,2716",legacy
عشعاشة,,عشعاشة,27,045 45 03 30/045 45 03 27,045 45 03 28,,"2715,2717,2725",legacy
عين تادلس,,عين تادلس,27,045 22 60 54/045 22 60 55,045 33 73 25,,"2707,2708,2709,2710",legacy
عين نويسي,,عين نويسي,27,045 37 43 15,045 37 43 16,,"2703,2705,2732",legacy
ماسرة,,ماسرة,27,045 48 34 39/045 48 34 40,045 48 35 23,,"2721,2722,2723,2731",legacy
مستغانم,,مستغانم,27,045 30 92 16/045 30 92 19,045 30 92 20,,2701,legacy
أولاد عنتر,,أولاد عنتر,28,025 69 01 05,025 69 01 03,dairaouledantar@gmail.com,,legacy
البرواقية,,البرواقية,28,025 77 41 10 /025 77 46 24 /025 77 53 41,025 77 54 01,dberoughia2602@gmail.com,,legacy
السواقي,,السواقي,28,025 75 01 12,025 75 05 71,dairasouagui@gmail.com,,legacy
الشهبونية,,الشهبونية,28,025 70 71 03,025 70 71 07,dairachahbounia2638@gmail.com,,legacy
العزيزية,,العزيزية,28,025 71 05 79 /025 71 04 50,025 71 05 79 /025 71 04 50,daira.elazizia@gmail.com,,legacy
العمارية,,العمارية,28,025 76 31 28,025 76 31 86,daira.elomaria@gmail.com,2821,legacy
القلب الكبير,,القلب الكبير,28,025 75 82 30 /025 75 82 57,025 75 82 30 /025 75 81 26,daira.elguelbelkebir@gmail.com,,legacy
المدية,,المدية,28,025 78 18 50,025 78 20 98,dairamedea@hotmail.com,,legacy
بني سليمان,,بني سليمان,28,025 71 43 59,025 71 51 58,dbenislimane2604@gmail.com,2845,legacy
تابلاط,,تابلاط,28,025 52 13 50,025 52 13 01,dairadetablat@gmail.com,,legacy
سغوان,,سغوان,28,025 70 70 98,025 70 70 25,dairaseghouane@gmail.com,,legacy
سي المحجوب,,سي المحجوب,28,025 74 02 99,025 74 03 06,daira2644@gmail.com,,legacy
سيدي نعمان,,سيدي نعمان,28,025 71 83 25 /025 71 81 45,025 71 81 45,daira2626sna@gmail.com,,legacy
شلالة العذاورة,,شلالة العذاورة,28,025 75 14 79 /025 75 14 80,025 75 17 88,sgdaira.cea@gmail.com,,legacy
عزيز,,عزيز,28,025 69 81 06,025 69 83 03,daira.aziz@gmail.com,,legacy
عوامري,,عوامري,28,025 74 82 83,025 74 81 91,daira.ouamri@gmail.com,,legacy
عين بوسيف,,عين بوسيف,28,025 55 05 35,025 55 05 35,dainboucif2606@gmail.com,2838,legacy
قصر البخاري,,قصر البخاري,28,025 69 30 05,025 69 30 06 /025 69 22 23 /025 69 31 03,daira.keb2635@gmail.com,,legacy
وزرة,,وزرة,28,025 79 72 42,025 79 70 08,daira.ouzera@gmail.com,,legacy
البرج,,البرج,29,045 98 18 26/045 98 19 99,045 98 18 24,,"2917,2920,2921",legacy
الحشم,,الحشم,29,045 80 51 13/045 80 58 17,045 80 55 96,,"2907,2909,2945",legacy
المحمدية,,المحمدية,29,045 94 96 05/045 94 96 06/045 94 97 25,045 94 96 10,,"2931,2932,2933,2934,2935,2936",legacy
بوحنيفية,,بوحنيفية,29,045 76 71 51/045 76 76 15,045 76 76 02,,"2902,2904,2938",legacy
تيزي,,تيزي,29,045 75 80 51/045 75 80 59,045 75 83 52,,"2903,2913,2940",legacy
تيغنيف,,تيغنيف,29,045 97 23 78/045 97 24 13,045 97 23 80,,"2906,2908,2947",legacy
زهانة,,زهانة,29,045 64 12 00/045 64 13 55,045 64 13 10,zahana2930gmail@.com,"2929,2930",legacy
سيق,,سيق,29,045 64 77 04/045 64 79 19,045 64 77 35,,"2926,2937,2943",legacy
عقاز,,عقاز,29,045 64 32 22/045 64 33 46,045 64 33 30,oggaz27gmail@.com,"2928,2944",legacy
عوف,,عوف,29,045 73 62 06/045 73 64 66,045 73 62 08,,"2919,2923,2941",legacy
عين فارس,,عين فارس,29,045 98 80 69/045 98 81 16,045 98 80 63,,"2924,2939",legacy
عين فكان,,عين فكان,29,045 72 62 10/045 72 66 35,045 72 64 22,ainfekandaira@gmail.com,"2918,2925",legacy
غريس,,غريس,29,045 74 81 62/045 74 93 99,045 74 81 64,,"2905,2912,2914,2915,2916",legacy
معسكر,,معسكر,29,045 71 50 49/045 71 59 89,045 71 56 43,,2901,legacy
وادي الأبطال,,وادي الأبطال,29,045 88 71 31/045 88 71 98,045 88 75 02,,"2910,2911,2946",legacy
وادي التاغية,,وادي التاغية,29,045 74 06 82/045 74 09 99,045 74 06 93,,"2922,2942",legacy
البرمة,,البرمة,30,029 75 31 05,029 75 31 04,,3021,legacy
الحجيرة,,الحجيرة,30,029 61 23 86,029 61 24 79,,,legacy
انقوسة,,انقوسة,30,029 72 39 07/029 72 39 08,029 72 39 03,,3003,legacy
تماسين,,تماسين,30,029 63 39 49/02 963 34 39,029 63 48 50,,,legacy
حاسي مسعود,,حاسي مسعود,30,029 74 50 53/029 74 50 52,029 74 50 49,,3004,legacy
سيدي خويلد,,سيدي خويلد,30,029 77 21 05/029 77 21 08,029 77 21 00,,"3002,3011,3012",legacy
ورقلة,,ورقلة,30,029 71 09 14/029 71 09 13,029 71 09 11,,"3001,3005",legacy
أرزيو,,أرزيو,31,041 79 30 10/041 79 30 12,041 79 30 11,N E A N T,"3106,3122",legacy
السانية,,السانية,31,041 58 23 30/041 58 34 84,041 58 43 49,N E A N T,"3105,3113,3117",legacy
بئر الجير,,بئر الجير,31,041 27 37 56/041 27 37 57,041 27 38 14,N E A N T,"3103,3104,3119",legacy
بطيوة,,بطيوة,31,041 76 96 23/041 76 96 31,041 76 96 24,N E A N T,"3107,3108,3126",legacy
بوتليليس,,بوتليليس,31,041 19 61 99/041 19 65 66,041 19 62 90,N E A N T,"3123,3124,3125",legacy
عين الترك,,عين الترك,31,041 10 07 96/041 10 09 30,041 10 04 15,dairaainturck@gmail.com,"3109,3110,3115",legacy
قديل,,قديل,31,041 68 12 01/041 68 12 02,041 68 12 05,N E A N T,"3102,3120,3121",legacy
وادي تليلات,,وادي تليلات,31,041 18 71 37/041 18 71 38,041 18 87 88,N E A N T,"3111,3112,3114,3118",legacy
وهران,,وهران,31,041 42 13 11/041 42 14 61,041 42 16 25,N E A N T,3101,legacy
البيض,,البيض,32,049 61 32 57,049 61 36 60,NEANT,3201,legacy
بوسمغون,,بوسمغون,32,049 63 13 22,049 63 15 99,,"3203,3206,3215,3216",legacy
بوعلام,,بوعلام,32,049 65 43 66,049 65 40 19,,"3204,3217",legacy
بوقطب,,بوقطب,32,049 62 33 12,049 62 33 10,,"3211,3212,3214",legacy
رقاصة,,رقاصة,32,049 61 02 73,049 61 02 74,,"3202,3210,3222",legacy
إن أمناس,,إن أمناس,33,029 45 98 84,029 45 98 85,,"3303,3304,3306",legacy
إيليزي,,إيليزي,33,029 40 02 62,029 40 02 67,,3301,legacy
الحمادية,,الحمادية,34,035 71 02 04,035 71 02 37,daira3411@gmail.com,"3411,3422,3427,3433",legacy
المنصورة,,المنصورة,34,035 85 72 26,035 85 72 30,,"3404,3405,3406,3417,3434",legacy
بئر قاصد علي,,بئر قاصد علي,34,035 78 63 01,035 78 64 12,,"3410,3420,3431",legacy
برج الغدير,,برج الغدير,34,035 86 16 08 /035 86 16 09,035 86 16 06,dairabordjghedir@hotmail.com,"3409,3412,3421,3428,3432",legacy
برج بوعريريج,,برج بوعريريج,34,035 72 22 31,035 72 22 34,,3401,legacy
برج زمورة,,برج زمورة,34,035 89 50 16,035 89 50 18,,"3403,3418,3429",legacy
جعافرة,,جعافرة,34,035 75 91 01,035 75 71 03,,"3415,3416,3424,3425",legacy
رأس الوادي,,رأس الوادي,34,035 63 91 90/034 63 91 93,035 63 91 24,,"3402,3417,3430",legacy
عين تاغروت,,عين تاغروت,34,035 85 13 04/035 85 13 09,035 85 13 18,,"3408,3426",legacy
مجانة,,مجانة,34,035 70 51 31,035 70 50 40,,"3407,3413,3414,3419",legacy
الثنية,,الثنية,35,024 96 31 70/024 96 31 69,024 96 31 66 / 024 96 31 68,daira_thenia@outlook.fr,"3514,3524,3525,3526",legacy
الناصرية,,الناصرية,35,024 77 01 17,024 77 01 22,daira_naciria@yahoo.fr,"3507,3521",legacy
برج منايل,,برج منايل,35,024 78 74 38/024 78 74 39,024 78 74 37,,"3504,3508,3510,3529",legacy
بغلية,,بغلية,35,024 76 04 23  /  024 76 04 25,024 76 04 21,dairabaghlia2015@gmail.com,"3505,3506,3520",legacy
بودواو,,بودواو,35,024 74 94 20 / 024 74 94 21,024 74 94 16,,"3502,3519,3527,3528,3532",legacy
بومرداس,,بومرداس,35,024 79 75 21/ 024  79 75 18/ 024 79 75 19,024 79 75  21,daira.boumerdes@gmail.com,"3501,3512,3516",legacy
خميس الخشنة,,خميس الخشنة,35,024 97 30 70/024 97 32 99,024 97 33 05,dairakeh17@yahoo.com,"3517,3518,3530,3531",legacy
دلس,,دلس,35,024 76 34 77/024 76 34 79/024 76 34 76,024 76 34 79/024 76 34 80,dairadellys17@gmail.com,"3503,3522,3523",legacy
يسر,,يسر,35,024 71 31 12/024 71 31 15,024 71 31 13,isser_daira@yahoo.fr,"3509,3511,3513,3515",legacy
البسباس,,البسباس,36,038 39 81 02,038 39 81 46,NEANT,"3616,3617,3619",legacy
الذرعان,,الذرعان,36,038 38 83 85,038 38 88 89,dairadrean@gmail.com,3615,legacy
الطارف,,الطارف,36,038 60 10 26,038 60 14 78,tarfdaira@yahoo.com,"3601,3604,3606,3620",legacy
القالة,,القالة,36,038 36 18 82,038 36 34 81 / 038 36 15 14,dairakala3605@gmail.com,"3605,3607,3609,3624",legacy
بن مهيدي,,بن مهيدي,36,038 34 72 72,038 34 71 33,dairabenmhidi@gmail.com,"3603,3610,3618",legacy
بوثلجة,,بوثلجة,36,038 33 81 02,038 33 87 13,NEANT,"3608,3611,3612",legacy
بوحجار,,بوحجار,36,038 32 75 90,038 32 75 15,NEANT,"3602,3621,3622,3623",legacy
تندوف,,تندوف,37,049 38 32 92,049 38 32 92,contact@wilaya-tindouf.dz,"3701,3702",legacy
الأزهرية,,الأزهرية,38,046 55 52 13,046 55 52 14,,"3804,3816,3821",legacy
برج الأمير عبد القادر,,برج الأمير عبد القادر,38,046 58 93 78,046 58 93 79,,"3809,3814",legacy
برج بونعامة,,برج بونعامة,38,046 50 33 47,046 50 30 54,,"3802,3805,3820,3822",legacy
تيسمسيلت,,تيسمسيلت,38,046 56 90 18,046 57 91 24,,"3801,3812",legacy
ثنية الاحد,,ثنية الاحد,38,046 58 20 67,046 58 20 68,,"3803,3815",legacy
خميستي,,خميستي,38,046 56 10 87,046 56 11 03,,"3810,3811",legacy
عماري,,عماري,38,046 55 02 50,046 55 02 50,,"3813,3817,3818",legacy
لرجام,,لرجام,38,046 53 42 63,046 53 42 63,,"3808,3819",legacy
البياضة,,البياضة,39,032.22.02.26,032.22.01.01,,3904,legacy
الدبيلة,,الدبيلة,39,032.20.80.15,032.20.81.47,,"3911,3912",legacy
الرباح,,الرباح,39,032.10.53.84,032.20.53.74,,"3902,3905,3925",legacy
الرقيبة,,الرقيبة,39,032.12.72.29,032.27.34.55,,"3908,3909",legacy
الطالب العربي,,الطالب العربي,39,032.10.72.40,032.10.73.06,,"3914,3915,3919",legacy
المقرن,,المقرن,39,032.27.42.08/11,032.20.86.60,,"3916,3918",legacy
الوادي,,الوادي,39,032.13.93.60,032.13.93.61,,"3901,3907",legacy
اميه وانسة,,اميه وانسة,39,032.11.11.89,032.11.15.08,,"3903,3926",legacy
حاسي خليفة,,حاسي خليفة,39,032.20.03.17,032.20.03.22,,"3913,3917",legacy
قمار,,قمار,39,032.23.41.84,032.23.41.86,,"3906,3910,3920",legacy
أولاد رشاش,,أولاد رشاش,40,032 78 60 48,032 78 60 49,,"4016,4017",legacy
الحامة,,الحامة,40,032 73 12 64,032 73 12 65,,"4004,4005,4015",legacy
بابار,,بابار,40,032 33 03 35,032 33 03 13,DAIRA.BABAR@YAHOO.FR,4013,legacy
بوحمامة,,بوحمامة,40,032 33 51 55,032 33 52 14,dairabh_4016@yahoo.fr,"4008,4018,4019,4021",legacy
خنشلة,,خنشلة,40,032 71 87 28,032 71 87 33,,4001,legacy
ششار,,ششار,40,032 35 33 58,032 35 33 61,,"4009,4011,4012,4020",legacy
عين الطويلة,,عين الطويلة,40,032 78 00 90,032 78 00 83,,"4002,4006",legacy
قايس,,قايس,40,032 77 08 80,032 77 08 28,,"4003,4007,4010",legacy
أم العظايم,,أم العظايم,41,037 83 32 79,037 83 34 10,d.oumeladhaim.4116@gmail.com,"4116,4124,4125",legacy
أولاد إدريس,,أولاد إدريس,41,037 89 31 08,037 89 31 10,daira.o.d.05@gmail.com,"4105,4117",legacy
الحدادة,,الحدادة,41,037 80 81 33,037 80 81 34,dairahaddada@yahoo.com,"4110,4111,4113",legacy
المراهنة,,المراهنة,41,037 80 46 52,037 80 46 54,daira.merahna@gmail.com,"4112,4119,4120",legacy
المشروحة,,المشروحة,41,037 85 62 41,037 85 62 38,machroha4104@gmail.com,"4103,4104",legacy
بئر بوحوش,,بئر بوحوش,41,037 86 10 08,037 86 10 14,dairabbh@gmail.com,"4114,4121,4126",legacy
تاورة,,تاورة,41,037 78 12 10,037 78 11 16,daira.taoura4108@gmail.com,"4107,4108,4109",legacy
سدراتة,,سدراتة,41,037 87 60 05,037 87 60 04,eq.sedrata.4102@gmail.com,"4102,4118,4123",legacy
سوق أهراس,,سوق أهراس,41,037 72 44 20,037 72 44 18,dairasoukahras@yahoo.com,4101,legacy
مداوروش,,مداوروش,41,037 83 53 04,037 83 53 07,daira4115@gmail.com,"4106,4115,4122",legacy
أحمر العين,,أحمر العين,42,024 55 96 91,024 55 96 89,N E A N T,"4205,4219,4223",legacy
الداموس,,الداموس,42,024 43 34 90,024 43 32 05 /49,daira.damous@gmail.com,"4203,4215,4227",legacy
القليعة,,القليعة,42,024 38 08 10 / 11,024 38 08 09,dairakolea42@gmail.com,"4212,4224,4225",legacy
بواسماعيل,,بواسماعيل,42,024 32 16 56,024 32 16 60,Daira4218@gmail.com,"4206,4213,4218,4220",legacy
تيبازة,,تيبازة,42,024 37 49 36 / 37,024 37 49 38,tipasa4201@yahoo.com,4201,legacy
حجوط,,حجوط,42,024 39 11 46 / 48 /49,024391145,contact@dairahadjout.com,"4208,4216",legacy
سيدي أعمر,,سيدي أعمر,42,024 33 45 66,024 33 42 75,sidiamar42@gmail.com,"4202,4209,4211",legacy
شرشال,,شرشال,42,024 43 95 01,024 43 86 33,cherchell4214@gmail.com,"4214,4221,4226,4228",legacy
فوكة,,فوكة,42,024 40 11 76,024401385,dairafouka@hotmail.com,"4204,4217",legacy
قوراية,,قوراية,42,024 34 29 70,024342352,dairagouraya@gmail.com,"4207,4210,4222",legacy
أولاد دراج,,أولاد دراج,43,035 57 73 50 / 035 57 72 21,035 57 73 25,,,legacy
أولاد سيدي ابراهيم,,أولاد سيدي ابراهيم,43,035 44 01 02,035 44 01 05,Daira.osd.2879@gmail.com,,legacy
المسيلة,,المسيلة,43,035 33 84 84 / 035 33 83 79,035 33 83 79,,,legacy
امجدل,,امجدل,43,035 43 01 06,035 43 01 16,,,legacy
بن سرور,,بن سرور,43,035 46 82 02,035 46 82 01,daira.bensrour@gmail.com,,legacy
بوسعادة,,بوسعادة,43,035 43 46 98 / 035 43 46 99,035 43 46 77,Bousaada2820@gmail.com,,legacy
جبل مساعد,,جبل مساعد,43,035 46 11 02,035 46 11 02,dairamessaad@gmail.com,,legacy
حمام الضلعة,,حمام الضلعة,43,035 57 51 10 / 035 57 50 76,035 57 51 40,,,legacy
خبانة,,خبانة,43,035 46 71 03,035 46 71 07,Dairakhoubana@gmail.com,,legacy
سيدي عامر,,سيدي عامر,43,035 46 51 82,035 46 51 61,daira.sidiameur28@gmail.com,,legacy
سيدي عيسى,,سيدي عيسى,43,035 40 56 00 / 035 40 56 56,035 40 56 01,dairadesidiaissa@gmail.com,,legacy
شلال,,شلال,43,035 57 21 86,035 57 21 87,daira.chellal@gmail.com,,legacy
عين الحجل,,عين الحجل,43,035 50 05 03,035 50 06 60,dairaaeh@gmail.com,,legacy
عين الملح,,عين الملح,43,035 47 84 02 / 035 47 83 64,035 47 83 95,daira_ain_El_melh2804@yahoo.com,,legacy
مقرة,,مقرة,43,035 59 22 16 / 035 59 29 75,035 59 33 60,Dairamagra2811@gmail.com,,legacy
الروينة,,الروينة,44,027 61 72 39,027 61 72 42,dairarouina2017@gmail.com,"4416,4417,4434",legacy
العامرة,,العامرة,44,027 52 05 82,027 52 05 86,,"4406,4408,4430",legacy
العبادية,,العبادية,44,027 63 95 20,027 63 83 57,,"4411,4432,4433",legacy
العطاف,,العطاف,44,027 63 32 61 /027 63 24 08,027 63 37 85,daira.4410@gmail.com,"4410,4435",legacy
برج الأمير خالد,,برج الأمير خالد,44,027 57 03 89,027 57 03 86,,"4419,4421,4422",legacy
بطحية,,بطحية,44,027 52 91 43,027 52 91 41,,"4418,4431,4436",legacy
بومدفع,,بومدفع,44,027 64 51 98,027 64 41 56,dairabm@gmail.com,"4403,4418",legacy
جليدة,,جليدة,44,027 52 25 71,027 52 24 09,,"4407,4409,4429",legacy
جندل,,جندل,44,027 54 10 81,027 54 10 80,,"4412,4413,4428",legacy
حمام ريغة,,حمام ريغة,44,027 54 34 55,027 54 34 57,,"4405,4423,4426",legacy
خميس,,خميس,44,027 66 21 25,027 66 40 50,,"4404,4424",legacy
عين الاشياخ,,عين الاشياخ,44,027 57 55 76,027 57 55 68,,"4414,4415,4420",legacy
عين الدفلى,,عين الدفلى,44,027 50 02 23,027 50 02 31,,4401,legacy
مليانة,,مليانة,44,027.64.93.98/64.81.00,027 64 00 82,,"4402,4425",legacy
المشرية,,المشرية,45,049 77 40 29,049 77 69 91,,"4502,4509,4512",legacy
النعامة,,النعامة,45,049 59 61 82,049 59 62 41,,4501,legacy
سفيسيفة,,سفيسيفة,45,049 76 71 35,049 76 72 42,zini2500@gmail.com,4505,legacy
عسلة,,عسلة,45,049 79 02 11,049 79 03 62,,4507,legacy
عين الصفراء,,عين الصفراء,45,049 56 77 81,049 56 77 82,,"4503,4504",legacy
مغرار,,مغرار,45,049 76 02 05,049 76 02 03,,"4506,4508",legacy
مكمن بن عمار,,مكمن بن عمار,45,049 58 31 94,049 58 32 91,,"4510,4511",legacy
العامرية,,العامرية,46,043 76 01 71,043 76 01 53,,"4605,4617,4619,4620,4628",legacy
المالح,,المالح,46,043 75 09 69,043 75 09 68,,"4602,4608,4614",legacy
بني صاف,,بني صاف,46,043 74 23 00/22 89/32 93,043 74 23 90,,"4623,4624,4627",legacy
حمام بوحجر,,حمام بوحجر,46,043 71 61 22,043 71 64 54,dairahbh@gmail.com,"4604,4606,4611,4621",legacy
عين الأربعاء,,عين الأربعاء,46,043 73 10 80,043 73 10 81,,"4609,4610,4615,4616",legacy
عين الكيحل,,عين الكيحل,46,043 65 01 32 /01 36,043 65 01 33,,"4607,4613,4618,4603",legacy
عين تموشنت,,عين تموشنت,46,043 78 51 91,043 78 14 81,,"4601,4612",legacy
ولهاصة الغرابة,,ولهاصة الغرابة,46,043 69 01 33,043 69 01 31,,"4625,4626",legacy
القرارة,,القرارة,47,029 26 10 32,029 26 18 42,dairaguerrara@gmail.com,4706,legacy
المنصورة,,المنصورة,47,029 27 62 27,029 27 62 04,,4713,legacy
بريان,,بريان,47,029 24 68 98/029 24 53 17/029 24 53 18,029 24 53 50,dairaberriane47@gmail.com,4704,legacy
بونورة,,بونورة,47,029 25 52 86,029 25 51 19,"daira_bounoura@yahoo,fr","4707,4710",legacy
زلفانة,,زلفانة,47,029 26 46 47,029 26 46 45,4708zelfana@gmail.com,4708,legacy
ضاية بن ضحوة,,ضاية بن ضحوة,47,029 25 15 44,029 25 12 00,,4703,legacy
غرداية,,غرداية,47,029 28 55 31,029 28 58 75,dairaghardaia4701@hotmail.com,4701,legacy
متليلي,,متليلي,47,029 29 22 16,029 29 25 27,,"4705,4709",legacy
الحمادنة,,الحمادنة,48,046 83 32 21,046 83 39 75,,"4807,4826",legacy
الرمكة,,الرمكة,48,046 80 51 32,046 80 51 30,,4831,legacy
المطمر,,المطمر,48,046 80 32 80,046 80 30 39,,"4803,4810,4817,4808",legacy
جديوية,,جديوية,48,046 83 70 02,046 83 70 01,,"4814,4838",legacy
زمورة,,زمورة,48,046 86 52 52,046 86 52 51,,"4812,4813,4832",legacy
سيدي أمحمد بن علي,,سيدي أمحمد بن علي,48,046 94 01 80,046 94 02 46,,"4808,4809,4830",legacy
عمي موسى,,عمي موسى,48,046 84 34 89,046 84 30 62,,"4805,4811,4833,4836",legacy
عين طارق,,عين طارق,48,046 85 91 47,046 85 91 47,,"4819,4834",legacy
غليزان,,غليزان,48,046 71 63 83,046 71 63 82,,"4801,4835",legacy
مازونة,,مازونة,48,046 94 73 80,046 94 82 27,,"4815,4822",legacy
منداس,,منداس,48,046 86 01 60,046 86 05 71,,"4806,4820,4828",legacy
وادي رهيو,,وادي رهيو,48,046 78 80 54,046 78 80 51,,"4802,4821,4829,4837",legacy
يلل,,يلل,48,046 81 00 98,046 81 01 02,,"4804,4823,4824,4825",legacy
أوقروت,,أوقروت,49,049 90 88 22,049 90 84 82,daira0123@gmail.com,"4906,4907,4908",legacy
تنركوك,,تنركوك,49,049 30 91 49,049 90 94 76,tinerkoukdaira@gmail.com,"4903,4905",legacy
تيميمون,,تيميمون,49,049 30 01 58,049 34 80 31,dairatimioun@gmail.com,"4901,4904",legacy
شروين,,شروين,49,049 90 62 52,049 90 62 68,dairacharouine0103@gmail.com,"4902,4909,4910",legacy
برج باجي مختار,,برج باجي مختار,50,049 32 97 56,049 32 98 58,bbmdaira0125@gmail.com,"5001,5002",legacy
أولاد جلال,,أولاد جلال,51,033.66.32.83/033-66-32-84,033.66.33.46/033-66-32-92,ca.ouleddjellal@gmail.com,"5101,5106,5105",legacy
سيدي خالد,,سيدي خالد,51,033-67-94-53/033-67-94-54,033-67-99-36/033-67-99-37,dairask07@gmail/com,"5103,5104,5102",legacy
القنادسة,,القنادسة,52,049-24-13-13,049-24-14-93,,,legacy
بني عباس,,بني عباس,52,049-28-47-71,049-27-08-55,,"5201,5202",legacy
بني ونيف,,بني ونيف,52,049 25 17 07,049 25 17 06,dairabeniounif@gmail.com,,legacy
عين صالح,,عين صالح,53,029 38 54  46,029 38 54 47,,"5301,5303",legacy
عين قزام,,عين قزام,54,029 35 42 91,029 35 45 82,,5401,legacy
الطيبات,,الطيبات,55,029 61 16 92,029 61 13 51,,"5509,5510,5508",legacy
المقارين,,المقارين,55,029 62 81 97/029 62 82 07,029 62 82 06,,"5511,5507",legacy
تقرت,,تقرت,55,029 68 13 13,029 68 23 25,,"5503,5502,5504,5501",legacy
جانت,,جانت,56,029 48 55 70,029 48 55 71/029 47 64 72,,"5601,5602",legacy
المغير,,المغير,57,032.19.41.42,032.19.41.39,,"5703,5704,5701,5702",legacy
جامعة,,جامعة,57,032.15.60.09,032.25.70.37,,"5708,5707,5705,5706",legacy
المنيعة,,المنيعة,58,029 21 10 96,029 21 10 93,,"5801,5802",legacy
